{
  "logistic": {
    "cv": {
      "mean": {
        "roc_auc": 0.9380416438248244,
        "precision": 0.9997627520759194,
        "recall": 0.7523214513608165,
        "f1": 0.8584848965826708
      },
      "std": {
        "roc_auc": 0.004746915169686607,
        "precision": 0.000530502485765073,
        "recall": 0.01664149348168934,
        "f1": 0.010770873919494692
      },
      "folds": 5
    },
    "holdout": {
      "roc_auc": 0.9373761854840379,
      "precision": 1.0,
      "recall": 0.7477924944812362,
      "f1": 0.8556994000631513
    }
  },
  "xgboost": {
    "cv": {
      "mean": {
        "roc_auc": 0.9894596290524946,
        "precision": 0.9670902844539242,
        "recall": 0.9404502520091954,
        "f1": 0.9535265119803947
      },
      "std": {
        "roc_auc": 0.0018361606046787752,
        "precision": 0.005096780463572041,
        "recall": 0.013363862691477655,
        "f1": 0.006048829516993172
      },
      "folds": 5
    },
    "holdout": {
      "roc_auc": 0.9888811977269877,
      "precision": 0.9670828603859251,
      "recall": 0.9403973509933775,
      "f1": 0.9535534415221041
    }
  }
}